<?xml version="1.0" encoding="UTF-8" ?>
<module>
    <name>przelewy24payment</name>
    <displayName><![CDATA[Płatności Przelewy24 dla Prestashop]]></displayName>
    <version><![CDATA[1.0.0]]></version>
    <description><![CDATA[Moduł Przelewy24 dla PrestaShop &ndash; szybkie, bezpieczne płatności online obsługujące karty, BLIK, przelewy i portfele. Łatwa konfiguracja i zwiększenie sprzedaży w Twoim sklepie]]></description>
    <author><![CDATA[Przelewy24]]></author>
    <tab><![CDATA[payments_gateways]]></tab>
    <is_configurable>1</is_configurable>
    <need_instance>0</need_instance>
</module>